{"train/loss": 0.091, "train/grad_norm": 1.2105904817581177, "train/learning_rate": 2.049335863377609e-08, "train/epoch": 50.0, "train/global_step": 26350, "_timestamp": 1720629656.2180138, "_runtime": 2392.7260687351227, "_step": 100, "eval/loss": 1.286582350730896, "eval/accuracy": 0.8268348623853211, "eval/runtime": 0.619, "eval/samples_per_second": 1408.72, "eval/steps_per_second": 11.309, "train_runtime": 2395.9218, "train_samples_per_second": 1405.492, "train_steps_per_second": 10.998, "total_flos": 404451936187440.0, "train_loss": 0.21584744245322876, "_wandb": {"runtime": 2537}}