{"train/loss": 0.4003, "train/grad_norm": 42.43140411376953, "train/learning_rate": 1.6264570344266737e-08, "train/epoch": 7.0, "train/global_step": 3689, "_timestamp": 1718990566.2621636, "_runtime": 1465.8409976959229, "_step": 16, "eval/loss": 1.1228235960006714, "eval/runtime": 1.2831, "eval/samples_per_second": 679.611, "eval/steps_per_second": 5.456, "eval/accuracy": 0.8337155963302753, "train_runtime": 693.2909, "train_samples_per_second": 680.007, "train_steps_per_second": 5.321, "total_flos": 56628612372420.0, "train_loss": 0.5312047654873441}