{"train/loss": 0.9952, "train/grad_norm": 3.7990331649780273, "train/learning_rate": 1.3819789939192924e-08, "train/epoch": 2.999378238341969, "train/global_step": 7236, "_timestamp": 1719873496.4325001, "_runtime": 44746.21284818649, "_step": 1447, "train_runtime": 44747.6606, "train_samples_per_second": 0.647, "train_steps_per_second": 0.162, "total_flos": 1.0038997359431516e+18, "train_loss": 1.247696854985505}