{"train/loss": 1.503, "train/grad_norm": 2.2481048107147217, "train/learning_rate": 8.155058043117745e-05, "train/epoch": 0.5533678756476684, "train/global_step": 1335, "_timestamp": 1720708321.3277698, "_runtime": 7360.278828859329, "_step": 266}