{"train/loss": 0.8084, "train/grad_norm": 345331.65625, "train/learning_rate": 0.0, "train/epoch": 2.0, "train/global_step": 67350, "_timestamp": 1719320303.9632156, "_runtime": 19668.19643354416, "_step": 4, "eval/loss": 0.8066663146018982, "eval/accuracy": 0.5022935779816514, "eval/runtime": 66.9963, "eval/samples_per_second": 13.016, "eval/steps_per_second": 6.508, "train_runtime": 19671.4394, "train_samples_per_second": 6.847, "train_steps_per_second": 3.424, "total_flos": 1.602611931967488e+16, "train_loss": 0.8568754929936897, "_wandb": {"runtime": 19752}}