{"train/loss": 1.0429, "train/grad_norm": 5.811373233795166, "train/learning_rate": 1.3819789939192924e-08, "train/epoch": 2.999378238341969, "train/global_step": 7236, "_timestamp": 1719950999.3237047, "_runtime": 45474.19841861725, "_step": 1447, "train_runtime": 45476.1863, "train_samples_per_second": 0.637, "train_steps_per_second": 0.159, "total_flos": 1.0038997359431516e+18, "train_loss": 1.213434515110098, "_wandb": {"runtime": 45473}}