{"train/loss": 1.0182, "train/grad_norm": 15.943727493286133, "train/learning_rate": 2.3525668222316506e-05, "train/epoch": 1.0606703436571914, "train/global_step": 5000, "_timestamp": 1718982995.6666265, "_runtime": 2849.534574508667, "_step": 9}