{"train/loss": 0.7284, "train/grad_norm": 2.3432507514953613, "train/learning_rate": 4.7333333333333336e-05, "train/epoch": 0.16, "train/global_step": 500, "_timestamp": 1718987543.3377173, "_runtime": 234.9566671848297, "_step": 0}