{"train/loss": 1.5184, "train/grad_norm": 4.867614269256592, "train/learning_rate": 9.170812603648425e-05, "train/epoch": 0.08290155440414508, "train/global_step": 200, "_timestamp": 1722270802.0209692, "_runtime": 1191.3061332702637, "_step": 1}