{"train/loss": 0.81, "train/grad_norm": 15.943071365356445, "train/learning_rate": 1.3819789939192924e-08, "train/epoch": 2.999378238341969, "train/global_step": 7236, "_timestamp": 1719873821.9943907, "_runtime": 47312.862258672714, "_step": 1447, "train_runtime": 47314.2739, "train_samples_per_second": 0.612, "train_steps_per_second": 0.153, "total_flos": 9.512124069634376e+17, "train_loss": 1.1020254249596477}