Llama-2-7b-chat-hf_prune_lora_awq,24.700245353750358,3.08
Llama-2-7b-chat,31.076874287712926,12.56
