{"train/loss": 0.983, "train/grad_norm": 4.35800313949585, "train/learning_rate": 4.975124378109453e-07, "train/epoch": 2.999378238341969, "train/global_step": 7236, "_timestamp": 1720812219.7766476, "_runtime": 42632.14315056801, "_step": 72, "train_runtime": 42635.2116, "train_samples_per_second": 0.679, "train_steps_per_second": 0.17, "total_flos": 8.839519869893345e+17, "train_loss": 1.254859856836963, "_wandb": {"runtime": 42747}}