{"train/loss": 0.4749, "train/grad_norm": 8.857048034667969, "train/learning_rate": 2.67264547357793e-08, "train/epoch": 2.0, "train/global_step": 134698, "_timestamp": 1720687789.9549637, "_runtime": 7126.343401670456, "_step": 4, "eval/loss": 0.5893093347549438, "eval/accuracy": 0.6536697247706422, "eval/runtime": 46.1668, "eval/samples_per_second": 18.888, "eval/steps_per_second": 18.888, "train_runtime": 7129.5866, "train_samples_per_second": 18.893, "train_steps_per_second": 18.893, "total_flos": 4897399200.0, "train_loss": 0.49797646285579594, "_wandb": {"runtime": 7129}}