{"train/loss": 0.0351, "train/grad_norm": 0.004272297024726868, "train/learning_rate": 1.71828595672465e-07, "train/epoch": 10.0, "train/global_step": 47140, "_timestamp": 1718940650.101265, "_runtime": 37108.903331041336, "_step": 123, "train_runtime": 26818.1089, "train_samples_per_second": 3.515, "train_steps_per_second": 1.758, "total_flos": 0.0, "train_loss": 0.515852670857701}