{"train/loss": 0.0913, "train/grad_norm": 1.2567275762557983, "train/learning_rate": 2.504743833017078e-08, "train/epoch": 50.0, "train/global_step": 26350, "_timestamp": 1719236095.8344314, "_runtime": 4644.729137420654, "_step": 100, "eval/loss": 1.2954453229904175, "eval/accuracy": 0.8245412844036697, "eval/runtime": 1.3488, "eval/samples_per_second": 646.486, "eval/steps_per_second": 5.19, "train_runtime": 4649.062, "train_samples_per_second": 724.329, "train_steps_per_second": 5.668, "total_flos": 404451936187440.0, "train_loss": 0.21383361396572395, "_wandb": {"runtime": 4647}}