{"train/loss": 1.0751, "train/grad_norm": 2.575716495513916, "train/learning_rate": 1.3819789939192924e-08, "train/epoch": 2.999378238341969, "train/global_step": 7236, "_timestamp": 1719944397.549512, "_runtime": 39825.91999101639, "_step": 1447, "train_runtime": 39827.6456, "train_samples_per_second": 0.727, "train_steps_per_second": 0.182, "total_flos": 8.839519869893345e+17, "train_loss": 1.2496915476436836, "_wandb": {"runtime": 39949}}