{"train/loss": 0.6818, "train/grad_norm": 550287.125, "train/learning_rate": 0.0, "train/epoch": 2.0, "train/global_step": 9428, "_timestamp": 1719334606.0761895, "_runtime": 3173.1399445533752, "_step": 4, "eval/loss": 0.6742277145385742, "eval/accuracy": 0.5030581039755352, "eval/runtime": 189.0179, "eval/samples_per_second": 17.3, "eval/steps_per_second": 8.65, "train_runtime": 3176.554, "train_samples_per_second": 5.935, "train_steps_per_second": 2.968, "total_flos": 1456947421962240.0, "train_loss": 0.7331771365049586, "_wandb": {"runtime": 3247}}