{"train/loss": 0.2536, "train/grad_norm": 0.007238495163619518, "train/learning_rate": 2.9333333333333335e-08, "train/epoch": 3.0, "train/global_step": 37500, "_timestamp": 1718837989.5082295, "_runtime": 27002.153843402863, "_step": 75, "train_runtime": 27005.729, "train_samples_per_second": 2.777, "train_steps_per_second": 1.389, "total_flos": 0.0, "train_loss": 0.5754246964518229}