{"train/loss": 0.0921, "train/grad_norm": 1.395863652229309, "train/learning_rate": 2.049335863377609e-08, "train/epoch": 50.0, "train/global_step": 26350, "_timestamp": 1719057582.1334896, "_runtime": 2398.020739555359, "_step": 100, "eval/loss": 1.2737308740615845, "eval/accuracy": 0.8256880733944955, "eval/runtime": 0.6075, "eval/samples_per_second": 1435.42, "eval/steps_per_second": 11.523, "train_runtime": 2401.4104, "train_samples_per_second": 1402.28, "train_steps_per_second": 10.973, "total_flos": 404451936187440.0, "train_loss": 0.21690522832707618}