{"train/loss": 0.7707, "train/grad_norm": 2.484170436859131, "train/learning_rate": 9.606299212598425e-05, "train/epoch": 0.03935458480913026, "train/global_step": 50, "_timestamp": 1722269006.5423958, "_runtime": 1312.9518938064575, "_step": 49}