{"train/loss": 0.6504, "train/grad_norm": 155.94606018066406, "train/learning_rate": 6.054449972360421e-05, "train/epoch": 1.183419689119171, "train/global_step": 2855, "_timestamp": 1720680758.7635014, "_runtime": 59441.932099342346, "_step": 2018, "train_runtime": 42651.4902, "train_samples_per_second": 0.679, "train_steps_per_second": 0.17, "total_flos": 9.512124069634376e+17, "train_loss": 1.1508973628990948}