{"train/loss": 0.7471, "train/grad_norm": 39.18880844116211, "train/learning_rate": 3.835171828595673e-05, "train/epoch": 1.1667373780229104, "train/global_step": 5500, "_timestamp": 1718985942.7092838, "_runtime": 1513.9007637500763, "_step": 10}