{"train/loss": 0.5949, "train/grad_norm": 70646.0625, "train/learning_rate": 0.0, "train/epoch": 2.0, "train/global_step": 9428, "_timestamp": 1719329045.2036195, "_runtime": 3145.264794588089, "_step": 4, "eval/loss": 0.6080865263938904, "eval/accuracy": 0.5492354740061162, "eval/runtime": 188.5712, "eval/samples_per_second": 17.341, "eval/steps_per_second": 8.67, "train_runtime": 3148.9146, "train_samples_per_second": 5.987, "train_steps_per_second": 2.994, "total_flos": 1456947421962240.0, "train_loss": 0.6433829759509573, "_wandb": {"runtime": 3221}}